workload,variant,structure,n,time_ms,steps,moves,comparisons
W1,-,DynamicArray,100,0.4456,10000,0,0
W1,-,MyLinkedList,100,0.94,511327,0,0
W2,-,DynamicArray,100,0.3448,75375,0,75375
W2,-,MyLinkedList,100,0.3222,75875,0,75375
W3,head,DynamicArray,100,1.8063,1201120,1201120,0
W3,head,MyLinkedList,100,0.1161,0,2000,0
W3,middle,DynamicArray,100,0.1788,1101120,1101120,0
W3,middle,MyLinkedList,100,0.3037,100000,3000,0
W4,-,MinHeap,100,0.1273,1936,1357,868
W1,-,DynamicArray,1000,0.1931,10000,0,0
W1,-,MyLinkedList,1000,5.5083,5021262,0,0
W2,-,DynamicArray,1000,0.369,751244,0,751244
W2,-,MyLinkedList,1000,1.3007,751744,0,751244
W3,head,DynamicArray,1000,0.2397,3001280,3001280,0
W3,head,MyLinkedList,1000,0.1063,0,2000,0
W3,middle,DynamicArray,1000,0.2033,2001280,2001280,0
W3,middle,MyLinkedList,1000,1.2239,1000000,3000,0
W4,-,MinHeap,1000,0.2596,32016,23032,15008
W1,-,DynamicArray,10000,0.3484,10000,0,0
W1,-,MyLinkedList,10000,58.9932,50180278,0,0
W2,-,DynamicArray,10000,3.8683,7534742,0,7534742
W2,-,MyLinkedList,10000,15.9516,7535242,0,7534742
W3,head,DynamicArray,10000,0.909,21010240,21010240,0
W3,head,MyLinkedList,10000,0.1835,0,2000,0
W3,middle,DynamicArray,10000,0.5111,11010240,11010240,0
W3,middle,MyLinkedList,10000,11.7575,10000000,3000,0
W4,-,MinHeap,10000,1.5991,453080,330157,216540
W1,-,DynamicArray,100000,2.0395,10000,0,0
W1,-,MyLinkedList,100000,602.6775,505028648,0,0
W2,-,DynamicArray,100000,22.6723,74565647,0,74565647
W2,-,MyLinkedList,100000,114.2037,74566147,0,74565647
W3,head,DynamicArray,100000,11.2863,201000000,201000000,0
W3,head,MyLinkedList,100000,0.8634,0,2000,0
W3,middle,DynamicArray,100000,6.0243,101000000,101000000,0
W3,middle,MyLinkedList,100000,109.8083,100000000,3000,0
W4,-,MinHeap,100000,8.2661,5862880,4302697,2831440
